<application>
  <component name="MaterialThemeConfig">
    <option name="compactMenus" value="true" />
    <option name="compactStatusBar" value="true" />
    <option name="compactTables" value="true" />
    <option name="compactDropdowns" value="true" />
    <option name="isCompactMenus" value="true" />
    <option name="isCompactStatusBar" value="true" />
    <option name="isCompactTables" value="true" />
    <option name="accentColor" value="387bff" />
    <option name="selectedTheme" value="NATIVE" />
    <option name="userId" value="2c92c541:17f0e9e840c:-8000" />
    <option name="version" value="8.3.1" />
  </component>
</application>